﻿ANT,AQ
ANT,TE
APAC,BN
APAC,GU
APAC,J1
APAC,J2
APAC,J3
APAC,J4
APAC,J5
APAC,KH
APAC,KP
APAC,KR
APAC,LP
APAC,MJ
APAC,MM
APAC,MP
APAC,PG
APAC,PH
APAC,PP
APAC,PQ
APAC,PW
APAC,SF
APAC,TL
APAC,UJ
APAC,UK
APAC,UP
APAC,VN
APAC,VP
APAC,W1
APAC,W2
APAC,W4
APAC,W7
APAC,WL
APAC,WN
APAC,Y8
APAC,Y9
AU,AS
AU,CN
AU,CS
AU,CX
AU,DF
AU,FJ
AU,FM
AU,FW
AU,FZ
AU,KB
AU,KC
AU,MH
AU,NR
AU,NU
AU,NW
AU,NZ
AU,PF
AU,PN
AU,TK
AU,TO
AU,TS
AU,TV
AU,VU
AU,WJ
AU,WP
AU,WQ
AU,WS
AU,Y6
EEU,4A
EEU,4B
EEU,4C
EEU,4D
EEU,4E
EEU,4F
EEU,4G
EEU,4H
EEU,4J
EEU,AB
EEU,AM
EEU,C1
EEU,C4
EEU,C5
EEU,CY
EEU,GE
EEU,GJ
EEU,GK
EEU,H1
EEU,H2
EEU,H3
EEU,H4
EEU,H5
EEU,H6
EEU,H7
EEU,H8
EEU,H9
EEU,HD
EEU,JP
EEU,KG
EEU,KQ
EEU,KT
EEU,KV
EEU,KW
EEU,KZ
EEU,M2
EEU,M3
EEU,M4
EEU,M5
EEU,M6
EEU,M7
EEU,MK
EEU,NS
EEU,P1
EEU,P2
EEU,P3
EEU,PX
EEU,R1
EEU,R2
EEU,R3
EEU,R4
EEU,R5
EEU,R6
EEU,R7
EEU,R8
EEU,R9
EEU,RF
EEU,RG
EEU,RH
EEU,RK
EEU,RZ
EEU,T1
EEU,T2
EEU,T3
EEU,T4
EEU,T5
EEU,TJ
EEU,TM
EEU,U1
EEU,U2
EEU,U3
EEU,U4
EEU,U5
EEU,U6
EEU,UR
EEU,UZ
EEU,XK
MEA,AF
MEA,AO
MEA,B6
MEA,B7
MEA,B8
MEA,B9
MEA,BF
MEA,BI
MEA,BJ
MEA,BX
MEA,CD
MEA,CF
MEA,CG
MEA,CI
MEA,CM
MEA,CV
MEA,DJ
MEA,DZ
MEA,ER
MEA,ES
MEA,ET
MEA,FD
MEA,GH
MEA,GM
MEA,GN
MEA,GO
MEA,GQ
MEA,GW
MEA,GZ
MEA,HF
MEA,IQ
MEA,IR
MEA,IS
MEA,IT
MEA,IV
MEA,IW
MEA,IX
MEA,IY
MEA,IZ
MEA,JO
MEA,KF
MEA,KM
MEA,L1
MEA,L2
MEA,L3
MEA,L4
MEA,LB
MEA,LN
MEA,LR
MEA,LS
MEA,LW
MEA,LY
MEA,MB
MEA,ML
MEA,MR
MEA,MU
MEA,MY
MEA,NG
MEA,NK
MEA,PS
MEA,RD
MEA,RM
MEA,SG
MEA,SH
MEA,SL
MEA,SM
MEA,SN
MEA,SO
MEA,SS
MEA,ST
MEA,SW
MEA,SX
MEA,SY
MEA,TB
MEA,TD
MEA,TG
MEA,TP
MEA,TU
MEA,TY
MEA,TZ
MEA,UG
MEA,WC
MEA,WD
MEA,WE
MEA,WF
MEA,WG
MEA,WH
MEA,YA
MEA,YB
MEA,YE
NA,01
NA,02
NA,03
NA,04
NA,05
NA,06
NA,07
NA,08
NA,09
NA,11
NA,12
NA,13
NA,14
NA,15
NA,21
NA,22
NA,23
NA,24
NA,31
NA,32
NA,33
NA,34
NA,35
NA,41
NA,42
NA,43
NA,44
NA,45
NA,51
NA,52
NA,53
NA,61
NA,62
NA,63
NA,64
NA,6B
NA,6C
NA,6D
NA,6E
NA,6F
NA,6G
NA,71
NA,72
NA,73
NA,81
NA,82
NA,83
NA,91
NA,92
NA,93
NA,94
NA,95
NA,96
NA,97
NA,98
NA,99
NA,BM
NA,BZ
NA,CR
NA,CU
NA,DO
NA,EH
NA,FG
NA,FH
NA,GT
NA,HJ
NA,HL
NA,HN
NA,HT
NA,JM
NA,NI
NA,PB
NA,PM
NA,TC
NA,VG
RN,5A
RN,5B
RN,5C
RN,5D
RN,5E
RN,5F
RN,5G
RN,5H
RN,5J
RN,5K
RN,5L
RN,5M
RN,5N
RN,5P
RN,5Q
RN,5S
RN,5T
RN,5U
RN,5V
RN,5W
RN,5X
RN,5Y
RN,6Q
RN,6S
RN,BD
RN,BT
RN,IO
RN,LK
RN,MV
RN,NP
RN,PK
RN,PL
SAM,AG
SAM,AI
SAM,AW
SAM,BE
SAM,BO
SAM,C8
SAM,C9
SAM,CB
SAM,CL
SAM,DN
SAM,EC
SAM,FB
SAM,FK
SAM,FN
SAM,FV
SAM,GD
SAM,GF
SAM,GP
SAM,GS
SAM,GV
SAM,GY
SAM,JA
SAM,JB
SAM,JC
SAM,JD
SAM,JE
SAM,JH
SAM,JR
SAM,JS
SAM,JT
SAM,JW
SAM,KN
SAM,LC
SAM,MQ
SAM,OM
SAM,PE
SAM,PY
SAM,RJ
SAM,SR
SAM,TT
SAM,UX
SAM,UY
SAM,VC
SAM,VE
SAM,VF
SAM,VH
SAM,VK
SAM,W3
SAM,WR
TWN,V7
TWN,V8
TWN,V9
WEU,A1
WEU,BB
WEU,CA
WEU,E1
WEU,E2
WEU,E3
WEU,E4
WEU,E5
WEU,E6
WEU,E7
WEU,F1
WEU,F2
WEU,F3
WEU,F4
WEU,F5
WEU,F6
WEU,F7
WEU,FO
WEU,G1
WEU,G2
WEU,G3
WEU,G4
WEU,G5
WEU,G6
WEU,G7
WEU,G8
WEU,GL
WEU,I1
WEU,I2
WEU,I3
WEU,I4
WEU,I5
WEU,K1
WEU,K2
WEU,K3
WEU,K4
WEU,K5
WEU,K6
WEU,K7
WEU,K8
WEU,K9
WEU,LU
WEU,M9
WEU,N1
WEU,N2
WEU,N7
WEU,NL
WEU,S1
WEU,S2
WEU,S3
WEU,S4
WEU,SJ
WEU,SP
WEU,SQ
WEU,SU
WEU,SV